<?xml version="1.0" encoding="UTF-8"?>
<!DOCTYPE mapper PUBLIC "-//mybatis.org//DTD Mapper 3.0//EN" "http://mybatis.org/dtd/mybatis-3-mapper.dtd">
<mapper namespace="com.zbf.woaibianma.mapper.JiaoAnUserMapper" >

  <resultMap type="user" id="user">
     <result column="ID" jdbcType="DECIMAL" property="id"/>
     <result column="VERSION" jdbcType="DECIMAL" property="version"/>
     <result column="userName" jdbcType="VARCHAR" property="userName"/>
     <result column="password" jdbcType="VARCHAR" property="passWord"/>
  </resultMap>
    
    <select id="getUserPage" parameterType="page" resultMap="user">
        select bu.* from base_user bu where 1=1
        <if test="params.userName!=null and params.userName!=''">
            AND bu.userName like concat('%',#{params.userName},'%')
        </if>

    </select>


   
   
</mapper>
