<?xml version="1.0" encoding="UTF-8"?>
<!DOCTYPE mapper PUBLIC "-//mybatis.org//DTD Mapper 3.0//EN" "http://mybatis.org/dtd/mybatis-3-mapper.dtd">
<mapper namespace="com.zbf.woaibianma.mapper.TreeTestMapper" >

  <resultMap type="menu" id="menu">
     <result column="CODE" jdbcType="VARCHAR" property="code"/>
     <result column="ID" jdbcType="DECIMAL" property="id"/>
     <result column="VERSION" jdbcType="DECIMAL" property="version"/>
     <result column="MENUNAME" jdbcType="VARCHAR" property="menuName"/>
     <result column="URL" jdbcType="VARCHAR" property="url"/>
     <result column="PARENTCODE" jdbcType="VARCHAR" property="parentCode"/>
     <result column="LEVAL" jdbcType="DECIMAL" property="leval"/>
     <result column="IMAGEPATH" jdbcType="DECIMAL" property="imagePath"/>
     <result column="CREATETIME" jdbcType="TIMESTAMP" property="createTime"/>
  </resultMap>
  
  
  
  <sql id="base">
  ID,CODE,VERSION,MENUNAME,URL,PARENTCODE,LEVAL,IMAGEPATH,CREATETIME
  </sql>
  
  

  
  <select id="getMenus" parameterType="map" resultType="menu">
    SELECT BM.ID,BM.MENUNAME,BM.IMAGEPATH,BM.CODE,BM.PARENTCODE,BM.LEVAL,BM.URL 
    FROM base_menu bm       
	where 1=1 
	<if test="leval!=null and leval!=''">
	   and bm.leval=#{leval}
	</if>
	<if test="parentCode!=null and parentCode!=''">
	   and parentCode=#{parentCode}
	</if> 
  </select>
  
  <select id="getTreeMenus" parameterType="map" resultType="menu">
      select * from base_menu where 1=1
      <if test="parentCode!=0 and parentCode!=null">
       AND  parentCode=#{parentCode}
      </if>
      <if test="leval!=null">
       AND  leval=#{leval}
      </if>
  </select>
  <select id="getMenusMySelf" parameterType="map" resultType="map">
      select id,code ,menuname text,url,parentcode ,leval from base_menu where 1=1
      <if test="parentCode!=0 and parentCode!=null">
       AND  parentCode=#{parentCode}
      </if>
      <if test="leval!=null">
       AND  leval=#{leval}
      </if>
  </select>
  
  
  <select id="getRoleListById" parameterType="map" resultType="map">
     
select brm.menu_id menuId,bm.leval from base_role br inner join base_role_menu brm on br.id=brm.role_id
                                            inner join base_menu bm on bm.id=brm.menu_id where br.id=#{roleId}

  </select>
  
</mapper>
